{
  "single_asset": {
    "total_return": 0.1148905528642219,
    "annualized_return": 0.03820357892020598,
    "annualized_volatility": 0.17643599102730548,
    "sharpe": 0.10317384119994413,
    "sortino": 0.2478086165719227,
    "max_drawdown": -0.11758198836211461,
    "win_rate": 0.5194029850746269,
    "trades": 670.0
  },
  "portfolio": {
    "total_return": 13.542489040992427,
    "annualized_return": 1.5165190599350549,
    "annualized_volatility": 0.07450489492522869,
    "sharpe": 20.08618442368015,
    "sortino": 57.991965835343635,
    "max_drawdown": -0.017063474882143055,
    "win_rate": 0.7856093979441997,
    "trades": 681.0
  }
}